{
    "rock": 0.154,
    "time": 0.1980000000000001,
    "love": 0.19100000000000003,
    "to": 0.11800000000000005,
    "beat": 0.067,
    "go": 0.01,
    "ya": 0.038,
    "girl": 0.07200000000000001,
    "rhyme": 0.022,
    "yo": 0.060000000000000005,
    "rap": 0.007,
    "wanna": 0.051,
    "em": 0.10000000000000003,
    "life": 0.006,
    "baby": 0.048,
    "ayy": 0.061,
    "gon": 0.038,
    "money": 0.013000000000000001,
    "lil": 0.015
}